listname,source,type,description
likes,https://www.xvideos.com/video8092843/,likes,likes
likes,https://www.xvideos.com/video8087338/,likes,likes
likes,https://www.youporn.com/watch/584770,likes,likes
likes,https://www.youporn.com/watch/621610,likes,likes
likes,https://www.pornhub.com/view_video.php?viewkey=546525768,likes,likes
likes,https://www.xvideos.com/video7996081/,likes,likes
likes,https://www.youporn.com/watch/715181,likes,likes
likes,https://www.youporn.com/watch/723802,likes,likes
likes,https://www.youporn.com/watch/7799128,likes,likes
likes,https://www.youporn.com/watch/7930088,likes,likes
likes,https://www.youporn.com/watch/8165792,likes,likes
likes,https://www.youporn.com/watch/8313847,likes,likes
likes,https://www.youporn.com/watch/8389696,likes,likes
likes,https://www.pornhub.com/view_video.php?viewkey=2143335370,likes,likes
likes,https://www.youporn.com/watch/8847413,likes,likes
likes,https://www.youporn.com/watch/8952474,likes,likes
likes,https://www.youporn.com/watch/9033686,likes,likes
likes,https://www.youporn.com/watch/9155231,likes,likes
likes,https://www.youporn.com/watch/9592845,likes,likes
likes,https://www.youporn.com/watch/9628173,likes,likes
likes,https://www.youporn.com/watch/9629105,likes,likes
likes,https://www.youporn.com/watch/9643059,likes,likes
likes,https://www.xvideos.com/video7735768/,likes,likes
likes,https://www.xvideos.com/video7731628/,likes,likes
likes,https://www.xvideos.com/video7729953/,likes,likes
likes,https://www.xvideos.com/video7710497/,likes,likes
likes,https://www.pornhub.com/view_video.php?viewkey=807837910,likes,likes
likes,https://www.pornhub.com/view_video.php?viewkey=1296268471,likes,likes
likes,https://www.pornhub.com/view_video.php?viewkey=1749051367,likes,likes
likes,https://www.xvideos.com/video7306870/,likes,likes
likes,https://www.pornhub.com/view_video.php?viewkey=1734254600,likes,likes
likes,https://www.pornhub.com/view_video.php?viewkey=188214163,likes,likes
likes,https://www.pornhub.com/view_video.php?viewkey=731204184,likes,likes
likes,https://www.pornhub.com/view_video.php?viewkey=2033874423,likes,likes
likes,https://www.pornhub.com/view_video.php?viewkey=578853811,likes,likes
likes,https://www.xvideos.com/video7025868/,likes,likes
likes,https://www.pornhub.com/view_video.php?viewkey=1694455769,likes,likes
likes,https://www.pornhub.com/view_video.php?viewkey=1471671622,likes,likes
likes,https://www.pornhub.com/view_video.php?viewkey=224556389,likes,likes
likes,https://www.pornhub.com/view_video.php?viewkey=1479561952,likes,likes
likes,https://www.pornhub.com/view_video.php?viewkey=1393693544,likes,likes
likes,https://www.pornhub.com/view_video.php?viewkey=2103152495,likes,likes
likes,https://www.pornhub.com/view_video.php?viewkey=1095090693,likes,likes
likes,https://www.pornhub.com/view_video.php?viewkey=792213666,likes,likes
likes,https://www.pornhub.com/view_video.php?viewkey=1001658525,likes,likes
likes,https://www.pornhub.com/view_video.php?viewkey=571384982,likes,likes
likes,https://www.pornhub.com/view_video.php?viewkey=1362866430,likes,likes
likes,https://www.pornhub.com/view_video.php?viewkey=1741968232,likes,likes
likes,https://www.pornhub.com/view_video.php?viewkey=1841536836,likes,likes
likes,https://www.pornhub.com/view_video.php?viewkey=1765162569,likes,likes
likes,https://www.pornhub.com/view_video.php?viewkey=208297627,likes,likes
likes,https://www.pornhub.com/view_video.php?viewkey=2087415405,likes,likes
likes,https://www.pornhub.com/view_video.php?viewkey=267594771,likes,likes
likes,https://www.pornhub.com/view_video.php?viewkey=1129731606,likes,likes
likes,https://www.pornhub.com/view_video.php?viewkey=355142242,likes,likes
likes,https://www.xvideos.com/video6579284/,likes,likes
likes,https://www.xvideos.com/video6570525/,likes,likes
likes,https://www.pornhub.com/view_video.php?viewkey=1558839495,likes,likes
likes,https://www.pornhub.com/view_video.php?viewkey=1316125346,likes,likes
likes,https://www.pornhub.com/view_video.php?viewkey=354778099,likes,likes
likes,https://www.pornhub.com/view_video.php?viewkey=1347856118,likes,likes
likes,https://www.pornhub.com/view_video.php?viewkey=636284980,likes,likes
likes,https://www.pornhub.com/view_video.php?viewkey=2024139255,likes,likes
likes,https://www.pornhub.com/view_video.php?viewkey=1631870315,likes,likes
likes,https://www.pornhub.com/view_video.php?viewkey=541053877,likes,likes
likes,https://www.pornhub.com/view_video.php?viewkey=1822335851,likes,likes
likes,https://www.pornhub.com/view_video.php?viewkey=236161364,likes,likes
likes,https://www.pornhub.com/view_video.php?viewkey=133774625,likes,likes
likes,https://www.pornhub.com/view_video.php?viewkey=2088201818,likes,likes
likes,https://www.pornhub.com/view_video.php?viewkey=1128111021,likes,likes
likes,https://www.pornhub.com/view_video.php?viewkey=1933121122,likes,likes
likes,https://www.pornhub.com/view_video.php?viewkey=359396492,likes,likes
likes,https://www.pornhub.com/view_video.php?viewkey=608969237,likes,likes
likes,https://www.pornhub.com/view_video.php?viewkey=485974740,likes,likes
likes,https://www.pornhub.com/view_video.php?viewkey=310739810,likes,likes
likes,https://www.pornhub.com/view_video.php?viewkey=811402927,likes,likes
likes,https://www.pornhub.com/view_video.php?viewkey=988201698,likes,likes
likes,https://www.pornhub.com/view_video.php?viewkey=1223330994,likes,likes
likes,https://www.pornhub.com/view_video.php?viewkey=947257490,likes,likes
likes,https://www.pornhub.com/view_video.php?viewkey=480898928,likes,likes
likes,https://www.pornhub.com/view_video.php?viewkey=1797667850,likes,likes
likes,https://www.pornhub.com/view_video.php?viewkey=650216321,likes,likes
likes,https://www.pornhub.com/view_video.php?viewkey=31302306,likes,likes
likes,https://www.xvideos.com/video5957753/,likes,likes
likes,https://www.xvideos.com/video4497485/,likes,likes
likes,https://www.xvideos.com/video4263281/,likes,likes
likes,https://www.xvideos.com/video4205769/,likes,likes
likes,https://www.xvideos.com/video3622943/,likes,likes
likes,https://www.xvideos.com/video3490314/,likes,likes
likes,https://www.xvideos.com/video3490247/,likes,likes
likes,https://www.xvideos.com/video2832950/,likes,likes
likes,https://www.xvideos.com/video2721623/,likes,likes
likes,https://www.xvideos.com/video1861755/,likes,likes
likes,https://www.xvideos.com/video1849220/,likes,likes
likes,https://www.xvideos.com/video1792819/,likes,likes
likes,https://www.xvideos.com/video1572213/,likes,likes
likes,https://www.xvideos.com/video1468260/,likes,likes
likes,https://www.xvideos.com/video1302908/,likes,likes
likes,https://www.xvideos.com/video1260662/,likes,likes
likes,https://www.xvideos.com/video1021172/,likes,likes
likes,https://www.xvideos.com/video874007/,likes,likes
likes,https://www.xvideos.com/video1308793/,likes,likes
likes,https://www.pornhub.com/view_video.php?viewkey=932995019,likes,likes
likes,https://www.youporn.com/watch/10458099,likes,likes
likes,https://www.youporn.com/watch/10309091,likes,likes
likes,https://www.pornhub.com/view_video.php?viewkey=485292637,likes,likes
likes,https://www.pornhub.com/view_video.php?viewkey=811702426,likes,likes
likes,https://xhamster.com/movies/3584335/amateur_teen_talking_dirty_and_fuck_horny.html,likes,likes
likes,https://xhamster.com/movies/3958401/hottie_in_glasses_gets_banged.html,likes,likes
likes,https://xhamster.com/movies/3658351/proxy_paige_maryjane_johnson_threesome_private_scene.html,likes,likes
likes,https://xhamster.com/movies/2874980/amateur_redhead_gets_fucked.html,likes,likes
likes,https://www.pornhub.com/view_video.php?viewkey=1727517988,likes,likes
likes,https://www.pornhub.com/view_video.php?viewkey=1639562853,likes,likes
likes,https://www.pornhub.com/view_video.php?viewkey=1504012558,likes,likes
likes,https://xhamster.com/movies/2943355/fucking_while_on_the_phone.html,likes,likes
likes,https://www.pornhub.com/view_video.php?viewkey=300235431,likes,likes
likes,https://xhamster.com/movies/3715511/emily_grey_isnt_it_romantic.html,likes,likes
likes,https://xhamster.com/movies/4039355/birthday_joi.html,likes,likes
likes,https://xhamster.com/movies/2576486/four_eyes_hot_blowjob.html,likes,likes
likes,https://xhamster.com/movies/3557165/4_women_in_a_cum_race.html,likes,likes
likes,https://www.xvideos.com/video1275061/,likes,likes
likes,https://www.xvideos.com/video11238854/,likes,likes
likes,https://xhamster.com/movies/4499118/caught_friend_masturbating_and_fucked_her.html,likes,likes
likes,https://gfycat.com/CleverGloriousAlbino,likes,likes
likes,https://www.pornhub.com/view_video.php?viewkey=2067660400,likes,likes
likes,https://xhamster.com/movies/4717809/chloe_lamb_amazing_fuck_with_creampie_hot.html,likes,likes
likes,https://www.xvideos.com/video12888811/,likes,likes
likes,https://www.xvideos.com/video8524103/,likes,likes
likes,https://xhamster.com/movies/2140571/orgasms_beautiful_woman_with_big_natural_tits_making_love.html,likes,likes
likes,https://xhamster.com/movies/1731988/amateur_sextape.html,likes,likes
likes,https://www.xvideos.com/video9878887/,likes,likes
likes,https://www.xvideos.com/video9197663/,likes,likes
likes,https://www.pornhub.com/view_video.php?viewkey=ph55b14f6c011bd,likes,likes
likes,https://www.xvideos.com/video11781359/,likes,likes
likes,https://www.xvideos.com/video8658587/,likes,likes
likes,https://xhamster.com/movies/2625871/home_video_hottie_makes_him_cum_3_times.html,likes,likes
likes,https://www.pornhub.com/view_video.php?viewkey=ph55b41f71a7179,likes,likes
likes,https://xhamster.com/movies/4907810/marie_pov.html,likes,likes
likes,https://www.pornhub.com/view_video.php?viewkey=2127263103,likes,likes
likes,https://www.xvideos.com/video10790271/,likes,likes
likes,https://xhamster.com/movies/4947368/hardcore_732.html,likes,likes
likes,https://www.pornhub.com/view_video.php?viewkey=686672364,likes,likes
likes,https://gfycat.com/MaleHighlevelIndianglassfish,likes,likes
likes,https://www.redtube.com/1039800,likes,likes
likes,https://xhamster.com/movies/5012184/nice_amateur_fuck.html,likes,likes
likes,https://www.redtube.com/527340,likes,likes
likes,https://www.xvideos.com/video14138951/,likes,likes
likes,https://www.pornhub.com/view_video.php?viewkey=ph55ce12ef9005a,likes,likes
likes,https://www.pornhub.com/view_video.php?viewkey=ph55d39bf8ad436,likes,likes
likes,https://xhamster.com/movies/5041246/very_hot_sex.html,likes,likes
likes,https://xhamster.com/movies/5041497/amateur_homemade_young_couple.html,likes,likes
likes,https://xhamster.com/movies/5034334/brunette_and_bf_power_couple_1.html,likes,likes
likes,https://www.xvideos.com/video12984543/,likes,likes
likes,https://xhamster.com/movies/5121082/amateur_teen_couple_3.html,likes,likes
likes,https://www.pornhub.com/view_video.php?viewkey=1319476927,likes,likes
likes,https://www.pornhub.com/view_video.php?viewkey=ph56182684e4889,likes,likes
likes,https://www.pornhub.com/view_video.php?viewkey=ph55dca5036dc44,likes,likes
likes,https://www.pornhub.com/view_video.php?viewkey=661713533,likes,likes
likes,https://xhamster.com/movies/5205054/teen_college_chick_getting_long_dicked.html,likes,likes
likes,https://www.pornhub.com/view_video.php?viewkey=ph561562df3aa19,likes,likes
likes,https://www.youporn.com/watch/9797605,likes,likes
likes,https://www.xvideos.com/video10777720/,likes,likes
likes,https://www.xvideos.com/video15408083/,likes,likes
likes,https://www.xvideos.com/video11161511/,likes,likes
likes,https://www.pornhub.com/view_video.php?viewkey=ph56397bb5bb778,likes,likes
likes,https://xhamster.com/movies/5292843/teen_college_chick_is_back_with_pov_fuck_and_eating.html,likes,likes
likes,https://www.xvideos.com/video10093117/,likes,likes
likes,https://www.xvideos.com/video10155782/,likes,likes
likes,https://www.xvideos.com/video8903189/,likes,likes
likes,https://xhamster.com/movies/5326043/porn_at_home_amazing_amateur_threesome_me_with_two_girls.html,likes,likes
likes,https://www.pornhub.com/view_video.php?viewkey=ph563402d184b3e,likes,likes
likes,https://www.redtube.com/1178941,likes,likes
likes,https://www.pornhub.com/view_video.php?viewkey=191488026,likes,likes
likes,https://www.redtube.com/169493,likes,likes
likes,https://www.pornhub.com/view_video.php?viewkey=ph558c7bf43487c,likes,likes
likes,https://xhamster.com/movies/5395978/amateur_539.html,likes,likes
likes,https://www.xvideos.com/video8967065/,likes,likes
likes,https://www.redtube.com/806141,likes,likes
likes,https://www.redtube.com/1380173,likes,likes
likes,https://www.redtube.com/1161393,likes,likes
likes,https://www.redtube.com/1109888,likes,likes
likes,https://www.redtube.com/1092741,likes,likes
likes,https://xhamster.com/movies/3593808/amazing_nice_tits_ffm_threesome.html,likes,likes
likes,https://www.redtube.com/875757,likes,likes
likes,https://www.redtube.com/760801,likes,likes
likes,https://xhamster.com/movies/5484128/amateur_couple_39.html,likes,likes
likes,https://xhamster.com/movies/3936494/amateur_big_tit_blonde_sucks_and_fucks_on_webcam.html,likes,likes
likes,https://gfycat.com/UnhealthyDearHoneybadger,likes,likes
likes,https://www.pornhub.com/view_video.php?viewkey=ph55a29922398eb,likes,likes
likes,https://xhamster.com/movies/5433888/college_teen_dorm_sex.html,likes,likes
likes,https://www.pornhub.com/view_video.php?viewkey=ph5610701ed6eb7,likes,likes
likes,https://www.xvideos.com/video8746372/,likes,likes
likes,https://www.xvideos.com/video17179721/,likes,likes
likes,https://www.pornhub.com/view_video.php?viewkey=ph56784c6db4924,likes,likes
likes,https://www.redtube.com/1450260,likes,likes
likes,https://xhamster.com/movies/2844623/pretty_blonde_girlfriend_likes_making_a_sextape.html,likes,likes
likes,https://www.pornhub.com/view_video.php?viewkey=ph566eea9af14b5,likes,likes
likes,https://gfycat.com/BeneficialSecondaryJohndory,likes,likes
likes,https://xhamster.com/movies/5700630/skinny_girl_with_bit_tits_rides_dick.html,likes,likes
likes,https://xhamster.com/movies/5739525/girl_with_big_tits_gets_a_creampie.html,likes,likes
likes,https://xhamster.com/movies/5758665/amateur_hot_babe_threesome.html,likes,likes
likes,https://xhamster.com/movies/4788993/chloe_lamb_creampie.html,likes,likes
likes,https://www.pornhub.com/view_video.php?viewkey=ph56e8653e2a43a,likes,likes
likes,https://gfycat.com/CheerfulLiveElver,likes,likes
likes,https://gfycat.com/RepentantEquatorialDuck,likes,likes
likes,https://www.xvideos.com/video14764397/,likes,likes
likes,https://www.pornhub.com/view_video.php?viewkey=1799574960,likes,likes
likes,https://xhamster.com/movies/1249483/dorm_room_fuck.html,likes,likes
likes,https://xhamster.com/movies/5924817/college_girl_with_small_boobs_gets_creampie.html,likes,likes
likes,https://www.xvideos.com/video17140809/,likes,likes
likes,https://xhamster.com/movies/1081197/horny_housewife_coolbudy.html,likes,likes
likes,https://www.pornhub.com/view_video.php?viewkey=ph57135edf4e17f,likes,likes
likes,https://www.xvideos.com/video17197675/,likes,likes
likes,https://www.xvideos.com/video15347659/,likes,likes
likes,https://xhamster.com/movies/6192462/elegant_redhead_gives_a_whore_job.html,likes,likes
likes,https://www.pornhub.com/view_video.php?viewkey=ph5663035e73911,likes,likes
likes,https://www.pornhub.com/view_video.php?viewkey=1561513985,likes,likes
likes,https://www.pornhub.com/view_video.php?viewkey=868808368,likes,likes
likes,https://www.pornhub.com/view_video.php?viewkey=476773047,likes,likes
likes,https://www.pornhub.com/view_video.php?viewkey=995972031,likes,likes
likes,https://www.pornhub.com/view_video.php?viewkey=1903180106,likes,likes
likes,https://www.pornhub.com/view_video.php?viewkey=1680160601,likes,likes
likes,https://www.pornhub.com/view_video.php?viewkey=1554027724,likes,likes
likes,https://www.pornhub.com/view_video.php?viewkey=1900443698,likes,likes
likes,https://www.pornhub.com/view_video.php?viewkey=225248449,likes,likes
likes,https://www.pornhub.com/view_video.php?viewkey=1269005049,likes,likes
likes,https://www.pornhub.com/view_video.php?viewkey=ph5585d04076ef4,likes,likes
likes,https://www.pornhub.com/view_video.php?viewkey=ph559b515e5e62c,likes,likes
likes,https://www.pornhub.com/view_video.php?viewkey=1989067455,likes,likes
likes,https://www.pornhub.com/view_video.php?viewkey=ph5607283980724,likes,likes
likes,https://www.pornhub.com/view_video.php?viewkey=ph5656db490b888,likes,likes
likes,https://www.pornhub.com/view_video.php?viewkey=ph575861580d75d,likes,likes
likes,https://www.pornhub.com/view_video.php?viewkey=ph56aa32de7bc20,likes,likes
likes,https://www.pornhub.com/view_video.php?viewkey=ph56f05b4dd0e1d,likes,likes
likes,https://www.pornhub.com/view_video.php?viewkey=ph57113d33e5e9d,likes,likes
likes,https://www.pornhub.com/view_video.php?viewkey=ph572d3e19430eb,likes,likes
likes,https://www.pornhub.com/view_video.php?viewkey=ph572fbb20ed132,likes,likes
likes,https://www.xvideos.com/video8610085/,likes,likes
likes,https://www.xvideos.com/video18191527/,likes,likes
likes,https://www.xvideos.com/video10545131/,likes,likes
likes,https://www.xvideos.com/video13159905/,likes,likes
likes,https://xhamster.com/movies/3315947/young_amateur_teen_girl_w_huge_boobs_gets_big_dick_and_facial.html,likes,likes
likes,https://www.pornhub.com/view_video.php?viewkey=ph579519ec9bf02,likes,likes
likes,https://www.pornhub.com/view_video.php?viewkey=ph5799b7432c4c3,likes,likes
likes,https://www.xvideos.com/video10416665/,likes,likes
likes,https://www.xvideos.com/video11037932/,likes,likes
likes,https://www.pornhub.com/view_video.php?viewkey=ph57a0c5aa96f98,likes,likes
likes,https://xhamster.com/movies/6399246/nerd_girl_loves_sex.html,likes,likes
likes,https://xhamster.com/movies/6475403/blonde_teen_fucking_bf.html,likes,likes
likes,https://www.xvideos.com/video23275491/,likes,likes
likes,https://xhamster.com/movies/3639194/a_few_creampies_for_ella_on_your_vegas_vacation.html,likes,likes
likes,https://xhamster.com/movies/6521147/gorgeous_young_couple.html,likes,likes
likes,https://www.pornhub.com/view_video.php?viewkey=ph57c67facc4ab2,likes,likes
likes,https://www.pornhub.com/view_video.php?viewkey=ph57db8d4d67679,likes,likes
likes,https://www.pornhub.com/view_video.php?viewkey=ph57f3ce1152791,likes,likes
likes,https://xhamster.com/movies/6614388/hot_teacher_wants_to_fuck.html,likes,likes
likes,https://xhamster.com/movies/5173413/fucking_two_hotties_ffm.html,likes,likes
likes,https://xhamster.com/movies/6468911/vixen_babysitters_kimmy_granger_and_sydney_cole_ffm_threesome.html,likes,likes
likes,https://www.pornhub.com/view_video.php?viewkey=ph57be9930a4759,likes,likes
likes,https://xhamster.com/movies/5384428/attractive_wife_with_big_tits_homemade.html,likes,likes
likes,https://www.pornhub.com/view_video.php?viewkey=ph57f735af85414,likes,likes
likes,https://www.pornhub.com/view_video.php?viewkey=ph581cc5deea956,likes,likes
likes,https://www.pornhub.com/view_video.php?viewkey=ph5805ed2eefb4a,likes,likes
likes,https://www.pornhub.com/view_video.php?viewkey=ph57f7668f3af15,likes,likes
likes,https://xhamster.com/movies/6923893/a_great_rider_ends_up_jumping_on_the_dick.html,likes,likes
likes,https://xhamster.com/movies/6946237/friends.html,likes,likes
likes,https://www.pornhub.com/view_video.php?viewkey=ph582121e2dce36,likes,likes
likes,https://xhamster.com/movies/6970199/this_guy_has_the_craziest_threesome.html,likes,likes
likes,https://www.xvideos.com/video17498447/,likes,likes
likes,https://www.pornhub.com/view_video.php?viewkey=ph586f9dc43d88e,likes,likes
likes,https://www.pornhub.com/view_video.php?viewkey=ph584dd8835d00b,likes,likes
likes,https://xhamster.com/movies/7153168/lucky_older_guy_with_his_two_young_girlfriends.html,likes,likes
likes,https://www.pornhub.com/view_video.php?viewkey=ph588e4055ccb72,likes,likes
likes,https://www.pornhub.com/view_video.php?viewkey=ph5890b72a69a81,likes,likes
likes,https://www.pornhub.com/view_video.php?viewkey=ph588edef3b9f03,likes,likes
likes,https://www.pornhub.com/view_video.php?viewkey=ph58a25a3f48b1e,likes,likes
likes,https://www.pornhub.com/view_video.php?viewkey=ph588241a17ad4b,likes,likes
likes,https://www.pornhub.com/view_video.php?viewkey=ph58b711582955c,likes,likes
likes,https://xhamster.com/movies/4681070/virgin_not_brother_taken.html,likes,likes
likes,https://xhamster.com/movies/7170751/vixen_eva_lovia_s_most_intense_scene.html,likes,likes
likes,https://www.pornhub.com/view_video.php?viewkey=ph58362bb2f3ad7,likes,likes
likes,https://xhamster.com/movies/4921156/hot_kennedy_leigh_pov.html,likes,likes
likes,https://www.xvideos.com/video26922555/,likes,likes
likes,https://www.pornhub.com/view_video.php?viewkey=ph58714df56c233,likes,likes
likes,https://www.xvideos.com/video27387921/,likes,likes
likes,https://www.pornhub.com/view_video.php?viewkey=ph586ec726aa56c,likes,likes
likes,https://xhamster.com/movies/7541184/busty_girl_enjoys_a_dick.html,likes,likes
likes,https://www.pornhub.com/view_video.php?viewkey=ph57b9e586381a1,likes,likes
likes,https://www.xvideos.com/video26097129/,likes,likes
likes,https://www.pornhub.com/view_video.php?viewkey=ph58dc8a3a01b99,likes,likes
likes,https://www.xvideos.com/video20464077/,likes,likes
likes,https://gfycat.com/CoolPettyGhostshrimp,likes,likes
likes,https://www.pornhub.com/view_video.php?viewkey=ph58832c498fa67,likes,likes
likes,https://xhamster.com/movies/5746931/cute_girl_gets_fucked_in_hotelroom_by_a_huge_cock.html,likes,likes
likes,https://www.xvideos.com/video23410526/,likes,likes
likes,https://xhamster.com/movies/5068439/gorgeous_model_goes_to_casting.html,likes,likes
likes,https://www.pornhub.com/view_video.php?viewkey=ph5952d8f68e480,likes,likes
likes,https://www.pornhub.com/view_video.php?viewkey=ph5957b34c701d7,likes,likes
likes,https://www.xvideos.com/video28756215/,likes,likes
likes,https://www.pornhub.com/view_video.php?viewkey=ph596c6cb02e69a,likes,likes
likes,https://www.xvideos.com/video29544759/,likes,likes
likes,https://www.xvideos.com/video8724958/,likes,likes
likes,https://www.pornhub.com/view_video.php?viewkey=ph595c0ebd0b131,likes,likes
likes,https://www.pornhub.com/view_video.php?viewkey=ph5981ac85cd18d,likes,likes
likes,https://www.pornhub.com/view_video.php?viewkey=ph599f062ba3901,likes,likes
likes,https://www.pornhub.com/view_video.php?viewkey=ph599f0b67c6fb6,likes,likes
likes,https://www.pornhub.com/view_video.php?viewkey=ph595daa412ed39,likes,likes
likes,https://www.xvideos.com/video23198761/,likes,likes
likes,https://www.pornhub.com/view_video.php?viewkey=ph59972bc61458d,likes,likes
likes,https://www.pornhub.com/view_video.php?viewkey=ph59a72a4f58dff,likes,likes
likes,https://www.pornhub.com/view_video.php?viewkey=ph599b2873167bd,likes,likes
likes,https://www.pornhub.com/view_video.php?viewkey=ph59ab1e70786f8,likes,likes
likes,https://gfycat.com/LividLegalBarnowl,likes,likes
likes,https://www.xvideos.com/video27855455/,likes,likes
likes,https://www.pornhub.com/view_video.php?viewkey=ph57aa59905e75b,likes,likes
likes,https://www.xvideos.com/video27389727/,likes,likes
likes,https://www.pornhub.com/view_video.php?viewkey=ph59af030107fa9,likes,likes
likes,https://www.xvideos.com/video29084505/,likes,likes
likes,https://www.xvideos.com/video17152969/,likes,likes
likes,https://i.imgur.com/ee3Wcam.jpg,likes,likes
likes,https://gfycat.com/ScrawnyGrippingAnnashummingbird,likes,likes
likes,https://gfycat.com/GraciousNeglectedBufeo,likes,likes
likes,https://gfycat.com/DistantEnormousFlycatcher,likes,likes
likes,https://gfycat.com/FaroffDeficientAnura,likes,likes
likes,https://gfycat.com/BouncyNauticalChafer,likes,likes
likes,https://www.xvideos.com/video14386339/,likes,likes
likes,https://www.pornhub.com/view_video.php?viewkey=ph596d365c389af,likes,likes
likes,https://www.pornhub.com/view_video.php?viewkey=ph59835e31499e7,likes,likes
likes,https://i.imgur.com/E4CQ4Ei.jpg,likes,likes
likes,https://i.imgur.com/ALeo2hD.jpg,likes,likes
likes,https://www.pornhub.com/view_video.php?viewkey=ph59c822af11e54,likes,likes
likes,https://www.pornhub.com/view_video.php?viewkey=ph59c84f635bc6c,likes,likes
likes,https://www.pornhub.com/view_video.php?viewkey=ph5878a3680aac0,likes,likes
likes,https://www.pornhub.com/view_video.php?viewkey=ph59c356385543f,likes,likes
likes,https://www.pornhub.com/view_video.php?viewkey=ph59bb7294d2102,likes,likes
likes,https://www.pornhub.com/view_video.php?viewkey=ph5890e33de93a2,likes,likes
likes,https://www.pornhub.com/view_video.php?viewkey=ph58dab6d18cab4,likes,likes
likes,https://www.xvideos.com/video23402684/,likes,likes
likes,https://www.xvideos.com/video22686665/,likes,likes
likes,https://www.pornhub.com/view_video.php?viewkey=ph59d739ffb7241,likes,likes
likes,https://www.pornhub.com/view_video.php?viewkey=ph59d70d123f4db,likes,likes
likes,https://www.xvideos.com/video27362729/,likes,likes
likes,https://xhamster.com/movies/8370077/amateur-couple-in-home.html,likes,likes
likes,https://www.pornhub.com/view_video.php?viewkey=ph58e8071e32b68,likes,likes
likes,https://www.pornhub.com/view_video.php?viewkey=ph59c4333fac795,likes,likes
likes,https://gfycat.com/MatureWhichDogwoodclubgall,likes,likes
likes,https://www.pornhub.com/view_video.php?viewkey=ph5872de3af2fa2,likes,likes
likes,https://www.pornhub.com/view_video.php?viewkey=ph59ca2909c1769,likes,likes
likes,https://gfycat.com/CleverIncomparableFlycatcher,likes,likes
likes,https://i.imgur.com/9mntruV.jpg,likes,likes
likes,https://www.pornhub.com/view_video.php?viewkey=ph59d64aab9a21b,likes,likes
likes,https://www.xvideos.com/video28259759/,likes,likes
likes,https://www.xvideos.com/video28028413/,likes,likes
likes,https://www.pornhub.com/view_video.php?viewkey=ph59dddb2e033a7,likes,likes
likes,https://gfycat.com/HorribleMindlessFossa,likes,likes
likes,https://gfycat.com/FittingMelodicCardinal,likes,likes
likes,https://www.pornhub.com/view_video.php?viewkey=ph57eea4f4d4290,likes,likes
likes,https://www.pornhub.com/view_video.php?viewkey=ph59ef1fa5c394f,likes,likes
likes,https://www.pornhub.com/view_video.php?viewkey=ph59f5a70e42430,likes,likes
likes,https://gfycat.com/SpryPowerfulKoalabear,likes,likes
likes,https://www.pornhub.com/view_video.php?viewkey=ph59e418bea66f1,likes,likes
likes,https://www.pornhub.com/view_video.php?viewkey=ph59f5d3ce113ab,likes,likes
likes,https://www.xvideos.com/video27224005/,likes,likes
likes,https://xhamster.com/movies/8174085/hot-wife-threesome.html,likes,likes
likes,https://www.xvideos.com/video30903869/,likes,likes
likes,https://www.xvideos.com/video22129977/,likes,likes
likes,https://gfycat.com/HauntingMeaslyHydatidtapeworm,likes,likes
likes,https://xhamster.com/movies/3965558/hot-teen-babe-sucking-and-fucking-in-her-kitchen-with-cum.html,likes,likes
likes,https://www.pornhub.com/view_video.php?viewkey=ph585b8316e699c,likes,likes
likes,https://www.xvideos.com/video31276533/,likes,likes
likes,https://www.pornhub.com/view_video.php?viewkey=ph5a0835b6cdb0f,likes,likes
likes,https://gfycat.com/QuestionableEcstaticHarlequinbug,likes,likes
likes,https://i.imgur.com/NQLjE1B.jpg,likes,likes
likes,https://www.pornhub.com/view_video.php?viewkey=ph578c5f40d9f04,likes,likes
likes,https://www.pornhub.com/view_video.php?viewkey=ph5a040be0e7cae,likes,likes
likes,https://www.pornhub.com/view_video.php?viewkey=ph59e76dca11ace,likes,likes
likes,https://gfycat.com/LeanBiodegradableIzuthrush,likes,likes
likes,https://www.pornhub.com/view_video.php?viewkey=ph5a12712324d01,likes,likes
likes,https://xhamster.com/movies/8598400/wife-turned-on-by-watching-husband-with-redhead-armana.html,likes,likes
likes,https://www.pornhub.com/view_video.php?viewkey=ph57a4fcb658381,likes,likes
likes,https://www.pornhub.com/view_video.php?viewkey=ph58c5b30950729,likes,likes
likes,https://www.pornhub.com/view_video.php?viewkey=ph5a15cca6cfbe3,likes,likes
likes,https://www.pornhub.com/view_video.php?viewkey=ph5a1c3a66d1b0e,likes,likes
likes,https://www.xvideos.com/video26341377/,likes,likes
likes,https://www.pornhub.com/view_video.php?viewkey=ph57e3ecf17a4a9,likes,likes
likes,https://www.pornhub.com/view_video.php?viewkey=ph5a2ac7d380246,likes,likes
likes,https://www.pornhub.com/view_video.php?viewkey=ph57acb00fe0ec3,likes,likes
likes,https://www.pornhub.com/view_video.php?viewkey=ph59beb90b702ea,likes,likes
likes,https://www.pornhub.com/view_video.php?viewkey=ph58a7a8e0a767e,likes,likes
likes,https://www.pornhub.com/view_video.php?viewkey=ph59ac0bbb30049,likes,likes
likes,https://www.pornhub.com/view_video.php?viewkey=ph59d1dabc882c3,likes,likes
likes,https://www.pornhub.com/view_video.php?viewkey=ph5a0daf3c370f6,likes,likes
likes,https://www.pornhub.com/view_video.php?viewkey=ph58c70eef09298,likes,likes
likes,https://www.pornhub.com/view_video.php?viewkey=ph5a062632af1d7,likes,likes
likes,https://www.pornhub.com/view_video.php?viewkey=ph5a2f7e4f9c48a,likes,likes
likes,https://www.pornhub.com/view_video.php?viewkey=ph58de1099c3ee9,likes,likes
likes,https://www.xvideos.com/video15522531/,likes,likes
likes,https://www.pornhub.com/view_video.php?viewkey=ph5a26e8b3af413,likes,likes
likes,https://www.pornhub.com/view_video.php?viewkey=ph5a24537506cfb,likes,likes
likes,https://www.pornhub.com/view_video.php?viewkey=ph5997d004208b7,likes,likes
likes,https://www.pornhub.com/view_video.php?viewkey=ph5a405ba449a3d,likes,likes
likes,https://www.xvideos.com/video23284719/,likes,likes
likes,https://www.pornhub.com/view_video.php?viewkey=ph5948b4ec6aa00,likes,likes
likes,https://www.pornhub.com/view_video.php?viewkey=ph59efa4918b8ca,likes,likes
likes,https://www.pornhub.com/view_video.php?viewkey=ph59faf99ab7de7,likes,likes
likes,https://www.pornhub.com/view_video.php?viewkey=ph5a451cb601f6a,likes,likes
likes,https://www.redtube.com/2594670,likes,likes
likes,https://www.pornhub.com/view_video.php?viewkey=ph5896ea11e0297,likes,likes
likes,https://xhamster.com/movies/5289867/homemade-skinny-teen-gets-creampied.html,likes,likes
likes,https://www.pornhub.com/view_video.php?viewkey=ph5a5bb08ae67cc,likes,likes
likes,https://www.pornhub.com/view_video.php?viewkey=ph5a5d6f110f6de,likes,likes
likes,https://www.pornhub.com/view_video.php?viewkey=ph58eac3466114e,likes,likes
likes,https://www.pornhub.com/view_video.php?viewkey=ph5a652d337a071,likes,likes
likes,https://www.pornhub.com/view_video.php?viewkey=ph5a6b7c264df2f,likes,likes
likes,https://xhamster.com/movies/8558078/expetionel-jeune-couple-francais-18-ans.html,likes,likes
likes,https://www.pornhub.com/view_video.php?viewkey=ph5a46a0c96cd73,likes,likes
likes,https://www.pornhub.com/view_video.php?viewkey=ph5a69ea08aeddb,likes,likes
likes,https://www.pornhub.com/view_video.php?viewkey=ph59884cd85654b,likes,likes
likes,https://www.pornhub.com/view_video.php?viewkey=ph581b41dc6f46a,likes,likes
likes,https://www.pornhub.com/view_video.php?viewkey=ph5a57e8191aec0,likes,likes
likes,https://www.pornhub.com/view_video.php?viewkey=ph59d65af29bd83,likes,likes
likes,https://www.pornhub.com/view_video.php?viewkey=ph5a79fcd61e3b2,likes,likes
likes,https://i.imgur.com/NQlJUfL.jpg,likes,likes
likes,https://www.pornhub.com/view_video.php?viewkey=ph5a81b1761c8cd,likes,likes
likes,https://www.pornhub.com/view_video.php?viewkey=ph594c2f044380b,likes,likes
likes,https://www.xvideos.com/video31940095/,likes,likes
likes,https://www.xvideos.com/video9249921/,likes,likes
likes,https://www.pornhub.com/view_video.php?viewkey=ph58d0c2ae6c24c,likes,likes
likes,https://www.xvideos.com/video27744285/,likes,likes
likes,https://www.xvideos.com/video33950515/,likes,likes
likes,https://www.pornhub.com/view_video.php?viewkey=ph5a7a386647d13,likes,likes
likes,https://www.pornhub.com/view_video.php?viewkey=ph5a807fc9d2cd4,likes,likes
likes,https://www.pornhub.com/view_video.php?viewkey=ph5a94515ec879e,likes,likes
likes,https://xhamster.com/movies/7597508/big-tit-redhead-quivers-out-of-control.html,likes,likes
likes,https://www.pornhub.com/view_video.php?viewkey=ph5a6c5c4b7ab62,likes,likes
likes,https://www.pornhub.com/view_video.php?viewkey=ph5a9adce998aa2,likes,likes
likes,https://xhamster.com/movies/8864722/sister-seduces-brother-in-the-shower.html,likes,likes
likes,https://www.pornhub.com/view_video.php?viewkey=ph5a8f4e81c731c,likes,likes
likes,https://www.pornhub.com/view_video.php?viewkey=ph57e784a2e66f7,likes,likes
likes,https://www.pornhub.com/view_video.php?viewkey=ph5a9a821e47aa0,likes,likes
likes,https://www.pornhub.com/view_video.php?viewkey=ph5a73f8c84d1a9,likes,likes
likes,https://www.pornhub.com/view_video.php?viewkey=ph5a68eada7597a,likes,likes
likes,https://www.pornhub.com/view_video.php?viewkey=ph5a5034cfefcc6,likes,likes
likes,https://www.pornhub.com/view_video.php?viewkey=ph59b88776e47df,likes,likes
likes,https://www.pornhub.com/view_video.php?viewkey=ph5ab71dd1e5ddf,likes,likes
likes,https://www.pornhub.com/view_video.php?viewkey=ph5a8597a38eac4,likes,likes
likes,https://www.pornhub.com/view_video.php?viewkey=ph5685b996e4d69,likes,likes
likes,https://www.pornhub.com/view_video.php?viewkey=ph5a859ba22d8f3,likes,likes
likes,https://www.pornhub.com/view_video.php?viewkey=ph57ac91822edb9,likes,likes
likes,https://www.xvideos.com/video34063567/,likes,likes
likes,https://www.pornhub.com/view_video.php?viewkey=ph5ac1182235595,likes,likes
likes,https://www.pornhub.com/view_video.php?viewkey=ph5aca37456992b,likes,likes
likes,https://www.pornhub.com/view_video.php?viewkey=ph5ac529bdadac3,likes,likes
likes,https://www.pornhub.com/view_video.php?viewkey=ph5a975897eaea3,likes,likes
likes,https://www.pornhub.com/view_video.php?viewkey=ph5ab2f9035a063,likes,likes
likes,https://www.pornhub.com/view_video.php?viewkey=ph5ad7a251d8b59,likes,likes
likes,https://www.pornhub.com/view_video.php?viewkey=ph5ad8cf98ec8c9,likes,likes
likes,https://www.pornhub.com/view_video.php?viewkey=ph5ada46e07be5f,likes,likes
likes,https://www.pornhub.com/view_video.php?viewkey=ph5aa8838501e49,likes,likes
likes,https://www.redtube.com/2416710,likes,likes
likes,https://www.xvideos.com/video33824251/,likes,likes
likes,https://www.pornhub.com/view_video.php?viewkey=ph5aca92fd0201e,likes,likes
likes,https://www.pornhub.com/view_video.php?viewkey=ph5aaf41d515423,likes,likes
likes,https://www.xvideos.com/video35660579/,likes,likes
likes,https://www.pornhub.com/view_video.php?viewkey=ph5adf4da0e4c25,likes,likes
likes,https://gfycat.com/AdolescentSoreAmericancicada,likes,likes
likes,https://www.pornhub.com/view_video.php?viewkey=ph5ae1fccec3d40,likes,likes
likes,https://www.pornhub.com/view_video.php?viewkey=ph5ad7f0f4edbaa,likes,likes
likes,https://www.pornhub.com/view_video.php?viewkey=ph5ad6b5f9e047f,likes,likes
likes,https://www.pornhub.com/view_video.php?viewkey=ph5ad55a19e6828,likes,likes
likes,https://www.pornhub.com/view_video.php?viewkey=ph5ada496fe2e0c,likes,likes
likes,https://www.pornhub.com/view_video.php?viewkey=ph58ba010158c58,likes,likes
likes,https://www.pornhub.com/view_video.php?viewkey=ph5acb4f232ad7b,likes,likes
likes,https://www.pornhub.com/view_video.php?viewkey=ph5addb371e7a88,likes,likes
likes,https://www.pornhub.com/view_video.php?viewkey=ph5ae4606bb2afe,likes,likes
likes,https://www.pornhub.com/view_video.php?viewkey=ph5ae917eb5c376,likes,likes
likes,https://www.pornhub.com/view_video.php?viewkey=ph5a372483295d2,likes,likes
likes,https://www.pornhub.com/view_video.php?viewkey=ph5adce9c9b62e9,likes,likes
likes,https://www.pornhub.com/view_video.php?viewkey=ph5afc664788834,likes,likes
likes,https://www.pornhub.com/view_video.php?viewkey=ph59c0f456be099,likes,likes
likes,https://www.pornhub.com/view_video.php?viewkey=ph5af56f4635548,likes,likes
likes,https://www.pornhub.com/view_video.php?viewkey=ph5ad25e32dedf8,likes,likes
likes,https://www.pornhub.com/view_video.php?viewkey=ph5ad21f2d62867,likes,likes
likes,https://www.pornhub.com/view_video.php?viewkey=ph5b0965a476385,likes,likes
likes,https://www.pornhub.com/view_video.php?viewkey=ph5b0285ab2445e,likes,likes
likes,https://www.pornhub.com/view_video.php?viewkey=ph5ae5f43bd553b,likes,likes
likes,https://www.xvideos.com/video14673519/,likes,likes
likes,https://www.pornhub.com/view_video.php?viewkey=ph5b0db55277c5c,likes,likes
likes,https://www.pornhub.com/view_video.php?viewkey=ph5b0e0ed61f82c,likes,likes
likes,https://www.pornhub.com/view_video.php?viewkey=ph5ae6bb6324f78,likes,likes
likes,https://www.pornhub.com/view_video.php?viewkey=ph5b16dc57e3b73,likes,likes
likes,https://www.pornhub.com/view_video.php?viewkey=ph5afa4817a7fe4,likes,likes
likes,https://www.pornhub.com/view_video.php?viewkey=ph5b0f749028af7,likes,likes
likes,https://www.pornhub.com/view_video.php?viewkey=ph5a80e69558871,likes,likes
likes,https://www.pornhub.com/view_video.php?viewkey=ph5b2c0c01abdc1,likes,likes
likes,https://www.pornhub.com/view_video.php?viewkey=ph5a846aef39a08,likes,likes
likes,https://www.xvideos.com/video36835463/,likes,likes
likes,https://www.pornhub.com/view_video.php?viewkey=ph5b1ab336311db,likes,likes
likes,https://www.xvideos.com/video37185579/,likes,likes
likes,https://www.pornhub.com/view_video.php?viewkey=ph5b1ae0952b45d,likes,likes
likes,https://www.pornhub.com/view_video.php?viewkey=ph5b3b5f7fbb0c0,likes,likes
likes,https://www.pornhub.com/view_video.php?viewkey=ph5b422faa94eab,likes,likes
likes,https://www.pornhub.com/view_video.php?viewkey=ph5afd2a2e0bad8,likes,likes
likes,https://www.pornhub.com/view_video.php?viewkey=ph5a38d5c244553,likes,likes
likes,https://www.pornhub.com/view_video.php?viewkey=ph5b46329f43a92,likes,likes
likes,https://www.pornhub.com/view_video.php?viewkey=ph5b42215849ad5,likes,likes
likes,https://www.pornhub.com/view_video.php?viewkey=ph5b516683520b0,likes,likes
likes,https://www.pornhub.com/view_video.php?viewkey=ph5b525656e91bd,likes,likes
likes,https://www.pornhub.com/view_video.php?viewkey=ph5b52943aa66f2,likes,likes
likes,https://www.pornhub.com/view_video.php?viewkey=ph5b3d8428cc02e,likes,likes
likes,https://www.xvideos.com/video22797051/,likes,likes
likes,https://www.pornhub.com/view_video.php?viewkey=ph5b33a4d989ddf,likes,likes
likes,https://www.pornhub.com/view_video.php?viewkey=ph5b569e7e0b4d1,likes,likes
likes,https://www.pornhub.com/view_video.php?viewkey=ph5b56955f3bf18,likes,likes
likes,https://www.pornhub.com/view_video.php?viewkey=ph5b18eb5073096,likes,likes
likes,https://www.pornhub.com/view_video.php?viewkey=ph5b5619ee94f31,likes,likes
likes,https://www.pornhub.com/view_video.php?viewkey=ph5b535befde832,likes,likes
likes,https://www.pornhub.com/view_video.php?viewkey=ph5b59f19594068,likes,likes
likes,https://www.pornhub.com/view_video.php?viewkey=ph5b58290854f7a,likes,likes
likes,https://www.pornhub.com/view_video.php?viewkey=ph5aabc549e1c1d,likes,likes
likes,https://www.pornhub.com/view_video.php?viewkey=ph5b5c90cab9b2a,likes,likes
likes,https://www.pornhub.com/view_video.php?viewkey=ph5b4ffdc9f3a3a,likes,likes
likes,https://www.pornhub.com/view_video.php?viewkey=ph5b5b60a53956b,likes,likes
likes,https://www.pornhub.com/view_video.php?viewkey=ph5b577466b08f8,likes,likes
likes,https://xhamster.com/movies/8828948/floridian-chick-demonstrates-sex-needs.html,likes,likes
likes,https://www.pornhub.com/view_video.php?viewkey=ph5b50d6069e0ef,likes,likes
likes,https://www.pornhub.com/view_video.php?viewkey=ph5b4d636dc3872,likes,likes
likes,https://www.xvideos.com/video36010667/,likes,likes
likes,https://www.xvideos.com/video32005777/,likes,likes
likes,https://www.xvideos.com/video32463169/,likes,likes
likes,https://www.pornhub.com/view_video.php?viewkey=ph5b739d8f714ea,likes,likes
likes,https://xhamster.com/movies/9970867/he-cums-she-doesnt-stop.html,likes,likes
likes,https://www.pornhub.com/view_video.php?viewkey=ph5b37b778c614c,likes,likes
likes,https://www.pornhub.com/view_video.php?viewkey=ph5b7203dcd5788,likes,likes
likes,https://xhamster.com/movies/6951344/girl-with-awesome-tits-rides-to-shaking-orgasm.html,likes,likes
likes,https://www.pornhub.com/view_video.php?viewkey=ph5b78295477cb6,likes,likes
likes,https://www.pornhub.com/view_video.php?viewkey=ph5b4856d64840b,likes,likes
likes,https://www.pornhub.com/view_video.php?viewkey=ph5b7e35443c514,likes,likes
likes,https://www.redtube.com/1721218,likes,likes
likes,https://www.pornhub.com/view_video.php?viewkey=ph5b7a4c6899859,likes,likes
likes,https://www.pornhub.com/view_video.php?viewkey=ph5b678d9aa15fc,likes,likes
likes,https://www.pornhub.com/view_video.php?viewkey=ph59bd4b03682d6,likes,likes
likes,https://www.pornhub.com/view_video.php?viewkey=ph5b75659c7ece0,likes,likes
likes,https://www.pornhub.com/view_video.php?viewkey=ph5b706664a11c7,likes,likes
likes,https://gfycat.com/GroundedWelldocumentedGuppy,likes,likes
likes,https://www.pornhub.com/view_video.php?viewkey=ph5b95a5f5cf2d0,likes,likes
likes,https://www.xvideos.com/video38303747/,likes,likes
likes,https://www.pornhub.com/view_video.php?viewkey=ph5b6608ec2422d,likes,likes
likes,https://www.pornhub.com/view_video.php?viewkey=ph5b9048f00b75f,likes,likes
likes,https://www.pornhub.com/view_video.php?viewkey=ph5b9bccba96ff3,likes,likes
likes,https://www.pornhub.com/view_video.php?viewkey=ph5b343ab0c1796,likes,likes
likes,https://www.pornhub.com/view_video.php?viewkey=ph5b84fce0777ef,likes,likes
likes,https://www.pornhub.com/view_video.php?viewkey=ph5b92e2107ab44,likes,likes
likes,https://i.imgur.com/b8UhIsI.jpg,likes,likes
likes,https://www.pornhub.com/view_video.php?viewkey=ph5bec82e33d3d9,likes,likes
