listname,source,type,description
laterfap,https://www.youporn.com/watch/709690,laterfap,laterfap
laterfap,https://www.youporn.com/watch/9497603,laterfap,laterfap
laterfap,https://www.pornhub.com/view_video.php?viewkey=1903328582,laterfap,laterfap
laterfap,https://www.pornhub.com/view_video.php?viewkey=1227476778,laterfap,laterfap
laterfap,https://www.pornhub.com/view_video.php?viewkey=625850261,laterfap,laterfap
laterfap,https://www.pornhub.com/view_video.php?viewkey=2105069780,laterfap,laterfap
laterfap,https://www.pornhub.com/view_video.php?viewkey=1281869539,laterfap,laterfap
laterfap,https://www.xvideos.com/video5937116/,laterfap,laterfap
laterfap,https://www.xvideos.com/video358337/,laterfap,laterfap
laterfap,https://www.xvideos.com/video343724/,laterfap,laterfap
laterfap,https://xhamster.com/movies/3596993/teen_fucks_with_her_boyfriend.html,laterfap,laterfap
laterfap,https://xhamster.com/movies/4606357/on_your_last_day_in_vegas_you_creampie_willow.html,laterfap,laterfap
laterfap,https://xhamster.com/movies/4777439/private_collection_23.html,laterfap,laterfap
laterfap,https://xhamster.com/movies/2225480/jenni_lee_red_dress_pov.html,laterfap,laterfap
laterfap,https://www.redtube.com/1190476,laterfap,laterfap
laterfap,https://xhamster.com/movies/2222687/sex_tape_during_holidays.html,laterfap,laterfap
laterfap,https://www.redtube.com/870424,laterfap,laterfap
laterfap,https://www.redtube.com/1230211,laterfap,laterfap
laterfap,https://xhamster.com/movies/5689569/petite_gf_fucking_a_big_dick.html,laterfap,laterfap
laterfap,https://www.pornhub.com/view_video.php?viewkey=985997066,laterfap,laterfap
laterfap,https://www.pornhub.com/view_video.php?viewkey=ph56c6e36901874,laterfap,laterfap
laterfap,https://xhamster.com/movies/5869242/stunning_brunette_incredible_blowjob.html,laterfap,laterfap
laterfap,https://www.pornhub.com/view_video.php?viewkey=ph5709f97fa3702,laterfap,laterfap
laterfap,https://xhamster.com/movies/5926817/right_cumming_15.html,laterfap,laterfap
laterfap,https://xhamster.com/movies/5996934/2_amateur_hotties_blow_a_thick_cock.html,laterfap,laterfap
laterfap,https://www.pornhub.com/view_video.php?viewkey=ph57575061a235c,laterfap,laterfap
laterfap,https://www.pornhub.com/view_video.php?viewkey=203640933,laterfap,laterfap
laterfap,https://www.pornhub.com/view_video.php?viewkey=ph567fc754bbd04,laterfap,laterfap
laterfap,https://www.pornhub.com/view_video.php?viewkey=ph57d6263eee987,laterfap,laterfap
laterfap,https://www.youporn.com/watch/13667667,laterfap,laterfap
laterfap,https://www.pornhub.com/view_video.php?viewkey=ph595eb60e105dc,laterfap,laterfap
laterfap,https://www.pornhub.com/view_video.php?viewkey=ph59527cb9d69e7,laterfap,laterfap
laterfap,https://www.pornhub.com/view_video.php?viewkey=ph599a0619d0ffb,laterfap,laterfap
laterfap,https://xhamster.com/movies/8164947/vixen-angela-white-fucks-a-huge-cock.html,laterfap,laterfap
laterfap,https://www.xvideos.com/video23284719/,laterfap,laterfap
laterfap,https://www.pornhub.com/view_video.php?viewkey=ph5a441d3bb608e,laterfap,laterfap
laterfap,https://www.pornhub.com/view_video.php?viewkey=ph5896ea11c6b3c,laterfap,laterfap
laterfap,https://www.pornhub.com/view_video.php?viewkey=ph5ad8cf98ec8c9,laterfap,laterfap
laterfap,https://www.pornhub.com/view_video.php?viewkey=ph5aea2f521563e,laterfap,laterfap
laterfap,https://www.pornhub.com/view_video.php?viewkey=ph5a65dfbe16c68,laterfap,laterfap
laterfap,https://www.xvideos.com/video31489847/,laterfap,laterfap
laterfap,https://www.pornhub.com/view_video.php?viewkey=ph5b0fae262080e,laterfap,laterfap
laterfap,https://www.xvideos.com/video28724839/,laterfap,laterfap
laterfap,https://www.pornhub.com/view_video.php?viewkey=ph5b2855492e1dc,laterfap,laterfap
laterfap,https://www.pornhub.com/view_video.php?viewkey=ph5a6d35b79d404,laterfap,laterfap
laterfap,https://www.pornhub.com/view_video.php?viewkey=ph5b31647961440,laterfap,laterfap
laterfap,https://www.pornhub.com/view_video.php?viewkey=ph5b355791a405c,laterfap,laterfap
laterfap,https://www.pornhub.com/view_video.php?viewkey=ph5b17f6511e9bf,laterfap,laterfap
laterfap,https://www.pornhub.com/view_video.php?viewkey=ph5b381af38e750,laterfap,laterfap
laterfap,https://www.pornhub.com/view_video.php?viewkey=ph5b2e5cf5de7de,laterfap,laterfap
laterfap,https://www.pornhub.com/view_video.php?viewkey=ph5b3c89b368c33,laterfap,laterfap
laterfap,https://www.pornhub.com/view_video.php?viewkey=ph5b41e7185cf97,laterfap,laterfap
laterfap,https://www.youporn.com/watch/13338879,laterfap,laterfap
laterfap,https://www.pornhub.com/view_video.php?viewkey=ph5b4be68232c8a,laterfap,laterfap
laterfap,https://www.pornhub.com/view_video.php?viewkey=ph5a54cc8d9b7c1,laterfap,laterfap
laterfap,https://www.pornhub.com/view_video.php?viewkey=ph5b6658b9128dc,laterfap,laterfap
laterfap,https://www.pornhub.com/view_video.php?viewkey=ph5a1f5f5c2f6e3,laterfap,laterfap
laterfap,https://www.pornhub.com/view_video.php?viewkey=ph5b7c4baabc5b5,laterfap,laterfap
laterfap,https://www.pornhub.com/view_video.php?viewkey=ph5a0e47a101d4e,laterfap,laterfap
laterfap,https://www.pornhub.com/view_video.php?viewkey=ph591f57403a826,laterfap,laterfap
laterfap,https://www.pornhub.com/view_video.php?viewkey=ph5b8393c067fe8,laterfap,laterfap
laterfap,https://www.pornhub.com/view_video.php?viewkey=ph5b7ccfa0be096,laterfap,laterfap
laterfap,https://www.xvideos.com/video36226641/,laterfap,laterfap
laterfap,https://www.pornhub.com/view_video.php?viewkey=ph59df27d149cee,laterfap,laterfap
laterfap,https://www.pornhub.com/view_video.php?viewkey=ph5b8750be9da5b,laterfap,laterfap
laterfap,https://www.pornhub.com/view_video.php?viewkey=ph595edfe71ff3f,laterfap,laterfap
laterfap,https://www.pornhub.com/view_video.php?viewkey=ph5b882bc358efa,laterfap,laterfap
laterfap,https://www.pornhub.com/view_video.php?viewkey=ph5b9af46f7e441,laterfap,laterfap
laterfap,https://www.pornhub.com/view_video.php?viewkey=ph5b945656281b2,laterfap,laterfap
laterfap,https://www.pornhub.com/view_video.php?viewkey=ph5b95839bd0eb8,laterfap,laterfap
laterfap,https://www.pornhub.com/view_video.php?viewkey=ph5a13472bef483,laterfap,laterfap
laterfap,https://www.pornhub.com/view_video.php?viewkey=ph5b836798da2db,laterfap,laterfap
laterfap,https://www.pornhub.com/view_video.php?viewkey=ph5bab39e25efae,laterfap,laterfap
laterfap,https://www.pornhub.com/view_video.php?viewkey=ph5adb564f47043,laterfap,laterfap
laterfap,https://www.pornhub.com/view_video.php?viewkey=ph5bb1188a92374,laterfap,laterfap
laterfap,https://www.pornhub.com/view_video.php?viewkey=ph5ba67f5b5a867,laterfap,laterfap
laterfap,https://www.pornhub.com/view_video.php?viewkey=ph5bec82e33d3d9,laterfap,laterfap
