listname,source,type,description
favorites,https://www.xvideos.com/video8087338/,favorites,favorites
favorites,https://www.youporn.com/watch/584770,favorites,favorites
favorites,https://www.pornhub.com/view_video.php?viewkey=546525768,favorites,favorites
favorites,https://www.xvideos.com/video7996081/,favorites,favorites
favorites,https://www.youporn.com/watch/723802,favorites,favorites
favorites,https://www.youporn.com/watch/7799128,favorites,favorites
favorites,https://www.youporn.com/watch/7930088,favorites,favorites
favorites,https://www.youporn.com/watch/8165792,favorites,favorites
favorites,https://www.youporn.com/watch/8313847,favorites,favorites
favorites,https://www.youporn.com/watch/8389696,favorites,favorites
favorites,https://www.youporn.com/watch/8847413,favorites,favorites
favorites,https://www.youporn.com/watch/8952474,favorites,favorites
favorites,https://www.youporn.com/watch/9643059,favorites,favorites
favorites,https://www.pornhub.com/view_video.php?viewkey=1296268471,favorites,favorites
favorites,https://www.pornhub.com/view_video.php?viewkey=1749051367,favorites,favorites
favorites,https://www.pornhub.com/view_video.php?viewkey=731204184,favorites,favorites
favorites,https://www.pornhub.com/view_video.php?viewkey=1694455769,favorites,favorites
favorites,https://www.pornhub.com/view_video.php?viewkey=224556389,favorites,favorites
favorites,https://www.pornhub.com/view_video.php?viewkey=571384982,favorites,favorites
favorites,https://www.pornhub.com/view_video.php?viewkey=1362866430,favorites,favorites
favorites,https://www.pornhub.com/view_video.php?viewkey=1741968232,favorites,favorites
favorites,https://www.pornhub.com/view_video.php?viewkey=1841536836,favorites,favorites
favorites,https://www.pornhub.com/view_video.php?viewkey=1765162569,favorites,favorites
favorites,https://www.pornhub.com/view_video.php?viewkey=2087415405,favorites,favorites
favorites,https://www.pornhub.com/view_video.php?viewkey=267594771,favorites,favorites
favorites,https://www.xvideos.com/video6579284/,favorites,favorites
favorites,https://www.pornhub.com/view_video.php?viewkey=1558839495,favorites,favorites
favorites,https://www.pornhub.com/view_video.php?viewkey=1316125346,favorites,favorites
favorites,https://www.pornhub.com/view_video.php?viewkey=133774625,favorites,favorites
favorites,https://www.pornhub.com/view_video.php?viewkey=1933121122,favorites,favorites
favorites,https://www.pornhub.com/view_video.php?viewkey=480898928,favorites,favorites
favorites,https://www.xvideos.com/video5957753/,favorites,favorites
favorites,https://www.xvideos.com/video4497485/,favorites,favorites
favorites,https://www.xvideos.com/video4205769/,favorites,favorites
favorites,https://www.xvideos.com/video3622943/,favorites,favorites
favorites,https://www.xvideos.com/video3490247/,favorites,favorites
favorites,https://www.xvideos.com/video1861755/,favorites,favorites
favorites,https://www.xvideos.com/video1572213/,favorites,favorites
favorites,https://www.xvideos.com/video1308793/,favorites,favorites
favorites,https://www.pornhub.com/view_video.php?viewkey=932995019,favorites,favorites
favorites,https://www.pornhub.com/view_video.php?viewkey=485292637,favorites,favorites
favorites,https://www.pornhub.com/view_video.php?viewkey=811702426,favorites,favorites
favorites,https://xhamster.com/movies/3584335/amateur_teen_talking_dirty_and_fuck_horny.html,favorites,favorites
favorites,https://xhamster.com/movies/2943355/fucking_while_on_the_phone.html,favorites,favorites
favorites,https://www.pornhub.com/view_video.php?viewkey=300235431,favorites,favorites
favorites,https://xhamster.com/movies/3557165/4_women_in_a_cum_race.html,favorites,favorites
favorites,https://www.pornhub.com/view_video.php?viewkey=2067660400,favorites,favorites
favorites,https://xhamster.com/movies/4717809/chloe_lamb_amazing_fuck_with_creampie_hot.html,favorites,favorites
favorites,https://www.xvideos.com/video12888811/,favorites,favorites
favorites,https://xhamster.com/movies/2140571/orgasms_beautiful_woman_with_big_natural_tits_making_love.html,favorites,favorites
favorites,https://www.pornhub.com/view_video.php?viewkey=ph55b14f6c011bd,favorites,favorites
favorites,https://www.xvideos.com/video10790271/,favorites,favorites
favorites,https://xhamster.com/movies/4947368/hardcore_732.html,favorites,favorites
favorites,https://www.pornhub.com/view_video.php?viewkey=686672364,favorites,favorites
favorites,https://www.redtube.com/1039800,favorites,favorites
favorites,https://xhamster.com/movies/5012184/nice_amateur_fuck.html,favorites,favorites
favorites,https://www.pornhub.com/view_video.php?viewkey=ph55ce12ef9005a,favorites,favorites
favorites,https://xhamster.com/movies/5041246/very_hot_sex.html,favorites,favorites
favorites,https://www.pornhub.com/view_video.php?viewkey=1319476927,favorites,favorites
favorites,https://www.pornhub.com/view_video.php?viewkey=ph55dca5036dc44,favorites,favorites
favorites,https://www.youporn.com/watch/9797605,favorites,favorites
favorites,https://www.xvideos.com/video10777720/,favorites,favorites
favorites,https://www.xvideos.com/video10155782/,favorites,favorites
favorites,https://xhamster.com/movies/5326043/porn_at_home_amazing_amateur_threesome_me_with_two_girls.html,favorites,favorites
favorites,https://www.redtube.com/1178941,favorites,favorites
favorites,https://www.pornhub.com/view_video.php?viewkey=191488026,favorites,favorites
favorites,https://www.pornhub.com/view_video.php?viewkey=ph558c7bf43487c,favorites,favorites
favorites,https://www.xvideos.com/video8967065/,favorites,favorites
favorites,https://www.redtube.com/806141,favorites,favorites
favorites,https://www.redtube.com/875757,favorites,favorites
favorites,https://gfycat.com/UnhealthyDearHoneybadger,favorites,favorites
favorites,https://www.xvideos.com/video8746372/,favorites,favorites
favorites,https://xhamster.com/movies/2844623/pretty_blonde_girlfriend_likes_making_a_sextape.html,favorites,favorites
favorites,https://www.pornhub.com/view_video.php?viewkey=ph566eea9af14b5,favorites,favorites
favorites,https://xhamster.com/movies/5700630/skinny_girl_with_bit_tits_rides_dick.html,favorites,favorites
favorites,https://xhamster.com/movies/5739525/girl_with_big_tits_gets_a_creampie.html,favorites,favorites
favorites,https://xhamster.com/movies/4788993/chloe_lamb_creampie.html,favorites,favorites
favorites,https://gfycat.com/CheerfulLiveElver,favorites,favorites
favorites,https://www.pornhub.com/view_video.php?viewkey=1799574960,favorites,favorites
favorites,https://xhamster.com/movies/1081197/horny_housewife_coolbudy.html,favorites,favorites
favorites,https://www.pornhub.com/view_video.php?viewkey=ph57135edf4e17f,favorites,favorites
favorites,https://www.pornhub.com/view_video.php?viewkey=ph5663035e73911,favorites,favorites
favorites,https://www.pornhub.com/view_video.php?viewkey=868808368,favorites,favorites
favorites,https://www.pornhub.com/view_video.php?viewkey=ph559b515e5e62c,favorites,favorites
favorites,https://www.pornhub.com/view_video.php?viewkey=1989067455,favorites,favorites
favorites,https://www.pornhub.com/view_video.php?viewkey=ph5607283980724,favorites,favorites
favorites,https://www.pornhub.com/view_video.php?viewkey=ph575861580d75d,favorites,favorites
favorites,https://www.xvideos.com/video8610085/,favorites,favorites
favorites,https://www.xvideos.com/video13159905/,favorites,favorites
favorites,https://xhamster.com/movies/3315947/young_amateur_teen_girl_w_huge_boobs_gets_big_dick_and_facial.html,favorites,favorites
favorites,https://www.pornhub.com/view_video.php?viewkey=ph579519ec9bf02,favorites,favorites
favorites,https://xhamster.com/movies/4992137/musician_girl_get_fucked.html,favorites,favorites
favorites,https://xhamster.com/movies/3639194/a_few_creampies_for_ella_on_your_vegas_vacation.html,favorites,favorites
favorites,https://xhamster.com/movies/6614388/hot_teacher_wants_to_fuck.html,favorites,favorites
favorites,https://www.pornhub.com/view_video.php?viewkey=ph57be9930a4759,favorites,favorites
favorites,https://www.pornhub.com/view_video.php?viewkey=ph581cc5deea956,favorites,favorites
favorites,https://www.pornhub.com/view_video.php?viewkey=ph5805ed2eefb4a,favorites,favorites
favorites,https://www.pornhub.com/view_video.php?viewkey=ph57f7668f3af15,favorites,favorites
favorites,https://xhamster.com/movies/6923893/a_great_rider_ends_up_jumping_on_the_dick.html,favorites,favorites
favorites,https://www.pornhub.com/view_video.php?viewkey=ph582121e2dce36,favorites,favorites
favorites,https://www.pornhub.com/view_video.php?viewkey=ph5890b72a69a81,favorites,favorites
favorites,https://www.pornhub.com/view_video.php?viewkey=ph588edef3b9f03,favorites,favorites
favorites,https://xhamster.com/movies/4681070/virgin_not_brother_taken.html,favorites,favorites
favorites,https://xhamster.com/movies/7170751/vixen_eva_lovia_s_most_intense_scene.html,favorites,favorites
favorites,https://www.xvideos.com/video27387921/,favorites,favorites
favorites,https://xhamster.com/movies/7541184/busty_girl_enjoys_a_dick.html,favorites,favorites
favorites,https://www.xvideos.com/video23410526/,favorites,favorites
favorites,https://xhamster.com/movies/5068439/gorgeous_model_goes_to_casting.html,favorites,favorites
favorites,https://www.pornhub.com/view_video.php?viewkey=ph5952d8f68e480,favorites,favorites
favorites,https://www.xvideos.com/video28756215/,favorites,favorites
favorites,https://www.xvideos.com/video29544759/,favorites,favorites
favorites,https://www.pornhub.com/view_video.php?viewkey=ph5981ac85cd18d,favorites,favorites
favorites,https://www.pornhub.com/view_video.php?viewkey=ph599f0b67c6fb6,favorites,favorites
favorites,https://www.xvideos.com/video17152969/,favorites,favorites
favorites,https://gfycat.com/ScrawnyGrippingAnnashummingbird,favorites,favorites
favorites,https://www.pornhub.com/view_video.php?viewkey=ph59835e31499e7,favorites,favorites
favorites,https://www.pornhub.com/view_video.php?viewkey=ph59c822af11e54,favorites,favorites
favorites,https://www.pornhub.com/view_video.php?viewkey=ph59bb7294d2102,favorites,favorites
favorites,https://www.pornhub.com/view_video.php?viewkey=ph58dab6d18cab4,favorites,favorites
favorites,https://www.xvideos.com/video22686665/,favorites,favorites
favorites,https://www.pornhub.com/view_video.php?viewkey=ph58e8071e32b68,favorites,favorites
favorites,https://gfycat.com/HorribleMindlessFossa,favorites,favorites
favorites,https://gfycat.com/SpryPowerfulKoalabear,favorites,favorites
favorites,https://www.xvideos.com/video30903869/,favorites,favorites
favorites,https://www.xvideos.com/video22129977/,favorites,favorites
favorites,https://gfycat.com/HauntingMeaslyHydatidtapeworm,favorites,favorites
favorites,https://xhamster.com/movies/3965558/hot-teen-babe-sucking-and-fucking-in-her-kitchen-with-cum.html,favorites,favorites
favorites,https://www.pornhub.com/view_video.php?viewkey=ph5a0835b6cdb0f,favorites,favorites
favorites,https://www.pornhub.com/view_video.php?viewkey=ph578c5f40d9f04,favorites,favorites
favorites,https://xhamster.com/movies/8598400/wife-turned-on-by-watching-husband-with-redhead-armana.html,favorites,favorites
favorites,https://www.pornhub.com/view_video.php?viewkey=ph57a4fcb658381,favorites,favorites
favorites,https://www.pornhub.com/view_video.php?viewkey=ph59beb90b702ea,favorites,favorites
favorites,https://www.pornhub.com/view_video.php?viewkey=ph59ac0bbb30049,favorites,favorites
favorites,https://www.pornhub.com/view_video.php?viewkey=ph58c70eef09298,favorites,favorites
favorites,https://www.xvideos.com/video15522531/,favorites,favorites
favorites,https://www.pornhub.com/view_video.php?viewkey=ph59efa4918b8ca,favorites,favorites
favorites,https://www.pornhub.com/view_video.php?viewkey=ph5896ea11e0297,favorites,favorites
favorites,https://www.pornhub.com/view_video.php?viewkey=ph5a5d6f110f6de,favorites,favorites
favorites,https://xhamster.com/movies/8558078/expetionel-jeune-couple-francais-18-ans.html,favorites,favorites
favorites,https://www.pornhub.com/view_video.php?viewkey=ph59d65af29bd83,favorites,favorites
favorites,https://www.pornhub.com/view_video.php?viewkey=ph58d0c2ae6c24c,favorites,favorites
favorites,https://www.xvideos.com/video27744285/,favorites,favorites
favorites,https://www.pornhub.com/view_video.php?viewkey=ph5a7a386647d13,favorites,favorites
favorites,https://www.pornhub.com/view_video.php?viewkey=ph5a807fc9d2cd4,favorites,favorites
favorites,https://xhamster.com/movies/7597508/big-tit-redhead-quivers-out-of-control.html,favorites,favorites
favorites,https://www.pornhub.com/view_video.php?viewkey=ph57e784a2e66f7,favorites,favorites
favorites,https://www.pornhub.com/view_video.php?viewkey=ph5a73f8c84d1a9,favorites,favorites
favorites,https://www.pornhub.com/view_video.php?viewkey=ph59b88776e47df,favorites,favorites
favorites,https://www.pornhub.com/view_video.php?viewkey=ph5685b996e4d69,favorites,favorites
favorites,https://www.pornhub.com/view_video.php?viewkey=ph5ad7a251d8b59,favorites,favorites
favorites,https://www.pornhub.com/view_video.php?viewkey=ph5ad8cf98ec8c9,favorites,favorites
favorites,https://www.xvideos.com/video33824251/,favorites,favorites
favorites,https://www.pornhub.com/view_video.php?viewkey=ph5ae1fccec3d40,favorites,favorites
favorites,https://www.pornhub.com/view_video.php?viewkey=ph5ada496fe2e0c,favorites,favorites
favorites,https://www.pornhub.com/view_video.php?viewkey=ph5a372483295d2,favorites,favorites
favorites,https://www.pornhub.com/view_video.php?viewkey=ph5af56f4635548,favorites,favorites
favorites,https://www.pornhub.com/view_video.php?viewkey=ph5b0285ab2445e,favorites,favorites
favorites,https://www.pornhub.com/view_video.php?viewkey=ph5b0f749028af7,favorites,favorites
favorites,https://www.pornhub.com/view_video.php?viewkey=ph5a846aef39a08,favorites,favorites
favorites,https://www.xvideos.com/video37185579/,favorites,favorites
favorites,https://www.pornhub.com/view_video.php?viewkey=ph5b422faa94eab,favorites,favorites
favorites,https://www.pornhub.com/view_video.php?viewkey=ph5b46329f43a92,favorites,favorites
favorites,https://www.pornhub.com/view_video.php?viewkey=ph5b33a4d989ddf,favorites,favorites
favorites,https://www.pornhub.com/view_video.php?viewkey=ph5b5b60a53956b,favorites,favorites
favorites,https://www.pornhub.com/view_video.php?viewkey=ph5b577466b08f8,favorites,favorites
favorites,https://www.pornhub.com/view_video.php?viewkey=ph5b50d6069e0ef,favorites,favorites
favorites,https://www.xvideos.com/video36010667/,favorites,favorites
favorites,https://www.xvideos.com/video32005777/,favorites,favorites
favorites,https://www.pornhub.com/view_video.php?viewkey=ph5b739d8f714ea,favorites,favorites
favorites,https://www.pornhub.com/view_video.php?viewkey=ph5b37b778c614c,favorites,favorites
favorites,https://xhamster.com/movies/6951344/girl-with-awesome-tits-rides-to-shaking-orgasm.html,favorites,favorites
favorites,https://www.pornhub.com/view_video.php?viewkey=ph5b78295477cb6,favorites,favorites
favorites,https://www.pornhub.com/view_video.php?viewkey=ph5b7e35443c514,favorites,favorites
favorites,https://www.pornhub.com/view_video.php?viewkey=ph5b678d9aa15fc,favorites,favorites
favorites,https://www.pornhub.com/view_video.php?viewkey=ph59bd4b03682d6,favorites,favorites
favorites,https://www.xvideos.com/video38303747/,favorites,favorites
favorites,https://www.pornhub.com/view_video.php?viewkey=ph5b343ab0c1796,favorites,favorites
favorites,https://www.pornhub.com/view_video.php?viewkey=ph5bec82e33d3d9,favorites,favorites
